CASE_ID,ACCIDENT_YEAR,PROC_DATE,JURIS,COLLISION_DATE,COLLISION_TIME,OFFICER_ID,REPORTING_DISTRICT,DAY_OF_WEEK,CHP_SHIFT,POPULATION,CNTY_CITY_LOC,SPECIAL_COND,BEAT_TYPE,CHP_BEAT_TYPE,CITY_DIVISION_LAPD,CHP_BEAT_CLASS,BEAT_NUMBER,PRIMARY_RD,SECONDARY_RD,DISTANCE,DIRECTION,INTERSECTION,WEATHER_1,WEATHER_2,STATE_HWY_IND,CALTRANS_COUNTY,CALTRANS_DISTRICT,STATE_ROUTE,ROUTE_SUFFIX,POSTMILE_PREFIX,POSTMILE,LOCATION_TYPE,RAMP_INTERSECTION,SIDE_OF_HWY,TOW_AWAY,COLLISION_SEVERITY,NUMBER_KILLED,NUMBER_INJURED,PARTY_COUNT,PRIMARY_COLL_FACTOR,PCF_CODE_OF_VIOL,PCF_VIOL_CATEGORY,PCF_VIOLATION,PCF_VIOL_SUBSECTION,HIT_AND_RUN,TYPE_OF_COLLISION,MVIW,PED_ACTION,ROAD_SURFACE,ROAD_COND_1,ROAD_COND_2,LIGHTING,CONTROL_DEVICE,CHP_ROAD_TYPE,PEDESTRIAN_ACCIDENT,BICYCLE_ACCIDENT,MOTORCYCLE_ACCIDENT,TRUCK_ACCIDENT,NOT_PRIVATE_PROPERTY,ALCOHOL_INVOLVED,STWD_VEHTYPE_AT_FAULT,CHP_VEHTYPE_AT_FAULT,COUNT_SEVERE_INJ,COUNT_VISIBLE_INJ,COUNT_COMPLAINT_PAIN,COUNT_PED_KILLED,COUNT_PED_INJURED,COUNT_BICYCLIST_KILLED,COUNT_BICYCLIST_INJURED,COUNT_MC_KILLED,COUNT_MC_INJURED,PRIMARY_RAMP,SECONDARY_RAMP,LATITUDE,LONGITUDE,COUNTY,CITY,POINT_X,POINT_Y
8599136,2018,2018-05-02,5604,2018-01-31,0445,5521,,3,5,6,5604,0,0,0,,0,042,"PLEASANT VALLEY RD","BEAUMONT AV",0.00,,Y,A,-,N,,,,,,,,,,Y,2,0,1,2,A,-,09,21801,B,N,F,C,A,A,H,-,C,A,0,,,,,Y,,A,01,1,0,0,0,0,0,0,0,0,"- ","- ",34.161098480224609,-119.15206146240234,VENTURA,OXNARD,-119.15299987792969,34.161201477050781
8599140,2018,2018-05-02,5604,2018-01-30,2056,5378,,2,5,6,5604,0,0,0,,0,022,"6TH ST","F ST",0.00,,Y,A,-,N,,,,,,,,,,N,3,0,1,2,A,-,09,21804,A,N,G,G,A,A,H,-,C,D,0,,Y,,,Y,,L,04,0,1,0,0,0,0,1,0,0,"- ","- ",34.195110321044922,-119.18850708007812,VENTURA,OXNARD,-119.18489837646484,34.196399688720703
8599144,2018,2018-05-02,5604,2018-01-30,1611,5490,,2,5,6,5604,0,0,0,,0,021,"VICTORIA AV","WOOLEY RD",363.00,S,N,A,-,N,,,,,,,,,,N,3,0,1,2,A,-,10,21950,A,N,G,B,C,-,H,-,A,D,0,Y,,,,Y,,A,01,0,1,0,0,1,0,0,0,0,"- ","- ",,,VENTURA,OXNARD,-119.22135925292969,34.18939208984375
8599148,2018,2018-05-02,5604,2018-01-28,1825,4925,,7,5,6,5604,0,0,0,,0,022,"OXNARD BL","1ST ST",0.00,,Y,A,-,N,,,1,,,,,,,Y,4,0,3,3,A,-,09,21801,A,N,D,C,A,A,A,H,C,A,0,,,,,Y,,A,01,0,0,3,0,0,0,0,0,0,"- ","- ",34.202949523925781,-119.17730712890625,VENTURA,OXNARD,-119.17727661132812,34.202949523925781
8599152,2018,2018-05-02,5604,2018-01-28,1405,5403,,7,5,6,5604,0,0,0,,0,041,"SAN JUAN AV","BARD RD",0.00,,Y,A,-,N,,,,,,,,,,Y,4,0,1,2,A,-,12,22450,A,N,D,C,A,A,H,-,A,A,0,,,,,Y,,A,01,0,0,1,0,0,0,0,0,0,"- ","- ",34.161960601806641,-119.17002105712891,VENTURA,OXNARD,-119.17005157470703,34.162010192871094
8599156,2018,2018-05-02,5604,2018-01-27,1817,5401,,6,5,6,5604,0,0,0,,0,041,"SAVIERS RD","YUCCA ST",300.00,N,N,A,-,N,,,,,,,,,,Y,4,0,2,2,A,-,09,21801,A,N,D,C,A,A,H,-,C,D,0,,,,,Y,,A,08,0,0,2,0,0,0,0,0,0,"- ","- ",34.168811798095703,-119.17872619628906,VENTURA,OXNARD,-119.17771911621094,34.166763305664062
8599160,2018,2018-05-02,5604,2018-01-27,2500,5434,,6,5,6,5604,0,0,0,,0,022,"A ST","PALM DR",40.00,N,N,A,-,N,,,,,,,,,,,4,0,1,2,A,-,04,21703,,N,C,C,A,A,H,-,A,D,0,,,,,Y,,A,01,0,0,1,0,0,0,0,0,0,"- ","- ",34.205760955810547,-119.17823028564453,VENTURA,OXNARD,-119.17851257324219,34.205150604248047
8599164,2018,2018-05-09,5604,2018-01-26,1423,5322,,5,5,6,5604,0,0,0,,0,011,"GONZALES RD","C ST",150.00,E,N,A,-,N,,,,,,,,,,Y,4,0,3,2,A,-,"- ",,,N,D,C,A,A,H,-,A,A,0,,,,,Y,,-,"- ",0,0,3,0,0,0,0,0,0,"- ","- ",,,VENTURA,OXNARD,-119.18034362792969,34.219207763671875
8599168,2018,2018-05-02,5604,2018-01-14,1713,5434,,7,5,6,5604,0,0,0,,0,021,"CHANNEL ISLANDS BL","PENINSULA RD",0.00,,Y,A,-,N,,,,,,,,,,Y,4,0,2,2,A,-,09,21801,A,N,D,C,A,A,H,-,C,A,0,,,,,Y,,A,01,0,0,2,0,0,0,0,0,0,"- ","- ",34.175460815429688,-119.22560119628906,VENTURA,OXNARD,-119.22528839111328,34.176101684570312
8599172,2018,2018-05-02,5604,2018-01-14,1436,5300,,7,5,6,5604,0,0,0,,0,024,"HILL ST","H ST",0.00,,Y,A,-,N,,,,,,,,,,N,3,0,1,2,A,-,03,22350,,F,C,C,A,A,H,-,A,D,0,,,,,Y,,-,99,0,1,0,0,0,0,0,0,0,"- ","- ",34.189781188964844,-119.17662048339844,VENTURA,OXNARD,-119.18733978271484,34.186691284179688
8599176,2018,2018-05-02,5604,2018-01-14,1018,5502,,7,5,6,5604,0,0,0,,0,024,"CHANNEL ISLANDS BL","C ST",35.00,E,N,A,-,N,,,,,,,,,,N,4,0,1,2,A,-,21,22106,,N,C,C,A,A,H,-,A,A,0,,,,,Y,,D,22,0,0,1,0,0,0,0,0,0,"- ","- ",34.173679351806641,-119.18110656738281,VENTURA,OXNARD,-119.18101501464844,34.173698425292969
8599180,2018,2018-05-01,5604,2018-01-13,2051,5475,,6,5,6,5604,0,0,0,,0,031,"3RD ST","JUANITA AV",0.00,,Y,A,-,N,,,,,,,,,,Y,4,0,1,2,A,-,09,21802,A,N,D,D,A,A,H,-,C,A,0,,,,,Y,,A,01,0,0,1,0,0,0,0,0,0,"- ","- ",34.200508117675781,-119.16851806640625,VENTURA,OXNARD,-119.16853332519531,34.200531005859375
8599184,2018,2018-05-01,5604,2018-01-13,2006,5473,,6,5,6,5604,0,0,0,,0,042,"PLEASANT VALLEY RD","CYPRESS RD",0.00,,Y,A,-,N,,,,,,,,,,N,4,0,2,3,A,-,10,21950,A,N,G,B,B,A,H,-,C,A,0,Y,,,,Y,,A,01,0,0,2,0,2,0,0,0,0,"- ","- ",34.154670715332031,-119.17298126220703,VENTURA,OXNARD,-119.17299652099609,34.154720306396484
8599188,2018,2018-05-02,5604,2018-01-13,1958,5393,,6,5,6,5604,0,0,0,,0,024,"J ST","HILL ST",200.00,S,N,A,-,N,,,,,,,,,,Y,3,0,1,3,A,-,01,23152,A,N,B,C,A,A,H,-,C,A,0,,,,,Y,Y,A,01,0,1,0,0,0,0,0,0,0,"- ","- ",34.185859680175781,-119.18898010253906,VENTURA,OXNARD,-119.18930816650391,34.185836791992188
8599192,2018,2018-05-01,5604,2018-01-12,2307,4531,,5,5,6,5604,0,0,0,,0,014,"VENTURA RD","STONE CREEK DR",1000.00,N,N,A,-,N,,,,,,,,,,Y,2,0,1,1,A,-,01,23152,A,N,E,I,A,A,H,-,C,D,0,,,,,Y,Y,A,07,1,0,0,0,0,0,0,0,0,"- ","- ",34.232288360595703,-119.19441223144531,VENTURA,OXNARD,-119.19432830810547,34.235034942626953
8599196,2018,2018-05-01,5604,2018-01-12,2033,4531,,5,5,6,5604,0,0,0,,0,012,"GONZALES RD","RICE AV",0.00,,Y,A,-,N,,,,,,,,,,Y,4,0,1,2,A,-,01,23153,B,F,D,C,A,A,H,-,C,A,0,,,,,Y,,A,01,0,0,1,0,0,0,0,0,0,"- ","- ",34.216121673583984,-119.14849090576172,VENTURA,OXNARD,-119.14211273193359,34.218849182128906
8599200,2018,2018-05-01,5604,2018-01-13,1559,5392,,6,5,6,5604,0,0,0,,0,023,"5TH ST","OXNARD BL",0.00,,Y,A,-,N,,,,,,,,,,N,3,0,1,2,A,-,10,21950,A,N,G,B,B,A,H,-,A,A,0,Y,,,,Y,,A,01,0,1,0,0,1,0,0,0,0,"- ","- ",34.197681427001953,-119.17738342285156,VENTURA,OXNARD,-119.17746734619141,34.197689056396484
8599398,2018,2018-04-30,5604,2018-01-24,0813,5231,,3,5,6,5604,0,0,0,,0,014,"H ST","ROSEBUD DR",0.00,,Y,A,-,N,,,,,,,,,,N,2,0,1,2,A,-,10,21950,A,M,G,B,-,A,H,-,A,D,0,Y,,,,Y,,-,99,1,0,0,0,1,0,0,0,0,"- ","- ",,,VENTURA,OXNARD,-119.18614959716797,34.232769012451172
8599402,2018,2018-04-30,5604,2018-01-24,0901,5241,,3,5,6,5604,0,0,0,,0,023,"C ST","6TH ST",0.00,,Y,A,-,N,,,,,,,,,,Y,4,0,1,2,D,-,00,,,N,D,C,A,A,H,-,A,A,0,,,,,Y,,-,"- ",0,0,1,0,0,0,0,0,0,"- ","- ",,,VENTURA,OXNARD,-119.18109893798828,34.196369171142578
8599406,2018,2018-04-30,5604,2018-01-24,1514,5604,,3,5,6,5604,0,0,0,,0,041,"SAVIERS RD","BARD RD",0.00,,Y,A,-,N,,,,,,,,,,Y,3,0,3,3,A,-,09,21801,A,N,D,C,A,A,H,-,A,A,0,,,,,Y,,A,01,0,2,1,0,0,0,0,0,0,"- ","- ",,,VENTURA,OXNARD,-119.17778015136719,34.160999298095703
8599410,2018,2018-04-30,5604,2018-01-25,1258,4610,,4,5,6,5604,0,0,0,,0,012,GONZALEZ,"ROSE AV",150.00,W,N,A,-,N,,,,,,,,,,N,4,0,1,2,A,-,03,22350,,N,C,C,A,A,H,-,A,D,0,,,,,Y,,A,01,0,0,1,0,0,0,0,0,0,"- ","- ",34.218898773193359,-119.15827941894531,VENTURA,OXNARD,-119.15892791748047,34.218997955322266
8601440,2018,2018-11-26,5608,2018-01-14,1730,461,,7,5,6,5608,0,0,0,,0,004,"VALENTINE RD","SPERRY AV",1320.00,E,N,A,-,N,,,,,,,,,,Y,2,0,2,2,A,-,01,23153,F,F,B,C,A,A,H,-,C,D,0,,,,,Y,Y,A,07,1,1,0,0,0,0,0,0,0,"- ","- ",,,VENTURA,VENTURA,-119.21425628662109,34.253910064697266
8608164,2018,2018-04-30,5604,2018-01-11,2053,5407,,4,5,6,5604,0,0,0,,0,041,"ROSE AV","LINDSAY PL",0.00,,Y,A,-,N,,,,,,,,,,N,4,0,1,1,A,-,08,22107,,N,F,I,A,A,H,-,C,D,0,,,Y,,Y,,C,03,0,0,1,0,0,0,0,0,1,"- ","- ",34.1644287109375,-119.15941619873047,VENTURA,OXNARD,-119.15949249267578,34.164459228515625
8608168,2018,2018-04-30,5604,2018-01-11,1433,5490,,4,5,6,5604,0,0,0,,0,024,"WOOLEY RD","NOVATO DR",0.00,,Y,A,-,N,,,,,,,,,,N,4,0,1,2,A,-,09,21801,A,N,D,C,A,A,H,-,A,B,0,,,,,Y,,A,01,0,0,1,0,0,0,0,0,0,"- ","- ",,,VENTURA,OXNARD,-119.20353698730469,34.190460205078125
8608172,2018,2018-04-30,5604,2018-01-11,1107,5208,,4,5,6,5604,0,0,0,,0,032,"OXNARD BL","DATE ST",0.00,,Y,A,-,N,,,,,,,,,,Y,3,0,2,2,A,-,09,21801,A,N,D,C,A,A,H,-,A,D,0,,,,,Y,,A,01,0,1,1,0,0,0,0,0,0,"- ","- ",,,VENTURA,OXNARD,-119.17046356201172,34.184299468994141
8608176,2018,2018-04-30,5604,2018-01-11,1022,5354,,4,5,6,5604,0,0,0,,0,021,"VICTORIA AV","LEEWARD WY",0.00,,Y,A,-,N,,,,,,,,,,Y,4,0,1,2,A,-,12,21453,A,N,D,C,A,A,H,-,A,A,0,,,,,Y,,A,01,0,0,1,0,0,0,0,0,0,"- ","- ",,,VENTURA,OXNARD,-119.22138977050781,34.185520172119141
8608180,2018,2018-04-30,5604,2018-01-11,0806,5135,,4,5,6,5604,0,0,0,,0,022,"DORIS AV","VENTURA RD",0.00,,Y,A,-,N,,,,,,,,,,N,3,0,1,2,A,-,10,21950,A,N,G,B,-,A,H,-,A,A,0,Y,,,,Y,,E,22,0,1,0,0,1,0,0,0,0,"- ","- ",34.208328247070312,-119.19467163085938,VENTURA,OXNARD,-119.19464111328125,34.208358764648438
8608184,2018,2018-04-30,5604,2018-01-10,1539,5519,,3,5,6,5604,0,0,0,,0,012,GONZALEZ,"BAHIA DR",0.00,,Y,A,-,N,,,,,,,,,,Y,3,0,1,2,A,-,09,21801,A,N,D,C,A,A,H,-,A,A,0,,,,,Y,,A,01,0,1,0,0,0,0,0,0,0,"- ","- ",,,VENTURA,OXNARD,-119.175048828125,34.219150543212891
8608188,2018,2018-04-30,5604,2018-01-10,1350,5354,,3,5,6,5604,0,0,0,,0,031,"CAMINO DEL SOL","GIBRALTER ST",0.00,,Y,A,-,N,,,,,,,,,,Y,4,0,1,2,A,-,09,21801,B,N,D,C,A,A,H,-,A,A,0,,,,,Y,,A,01,0,0,1,0,0,0,0,0,0,"- ","- ",,,VENTURA,OXNARD,-119.15415954589844,34.206298828125
8608192,2018,2018-04-30,5604,2018-01-09,1826,5359,,2,5,6,5604,0,0,0,,0,024,"CHANNEL ISLANDS BL","MANZANITA DR",0.00,,Y,A,-,N,,,,,,,,,,N,3,0,1,2,A,-,05,21650,,N,D,G,A,A,H,-,C,D,0,,Y,,,Y,,L,04,0,1,0,0,0,0,1,0,0,"- ","- ",34.175628662109375,-119.19225311279297,VENTURA,OXNARD,-119.19225311279297,34.175640106201172
8608196,2018,2018-04-30,5604,2018-01-09,1748,5485,,2,5,6,5604,0,0,0,,0,014,"COLLINS ST","VINEYARD AV",0.00,,Y,B,-,N,,,,,,,,,,N,4,0,1,2,A,-,11,21456,A,F,G,B,-,B,H,-,D,D,0,Y,,,,Y,,A,01,0,0,1,0,1,0,0,0,0,"- ","- ",34.238719940185547,-119.11917114257812,VENTURA,OXNARD,-119.16812133789062,34.238739013671875
8608200,2018,2018-04-30,5604,2018-01-06,1446,5401,,6,5,6,5604,0,0,0,,0,031,"ROSE AV","5TH ST",20.00,N,N,B,-,N,,,,,,,,,,N,4,0,1,2,A,-,04,21703,,N,C,C,A,A,H,-,A,D,0,,,,,Y,,A,08,0,0,1,0,0,0,0,0,0,"- ","- ",34.197029113769531,-119.15978240966797,VENTURA,OXNARD,-119.15988922119141,34.197059631347656
8608204,2018,2018-04-30,5604,2018-01-06,0758,5135,,6,5,6,5604,0,0,0,,0,021,"WOOLEY RD","KELP ST",0.00,,Y,B,-,N,,,,,,,,,,Y,3,0,1,2,A,-,09,21801,,N,D,C,A,A,H,-,A,B,0,,,,,Y,,A,01,0,1,0,0,0,0,0,0,0,"- ","- ",34.190280914306641,-119.21118927001953,VENTURA,OXNARD,-119.21121978759766,34.190250396728516
8608208,2018,2018-04-30,5604,2018-01-05,0728,5297,,5,5,6,5604,0,0,0,,0,041,"SAVIERS RD","CHANNEL ISLANDS BL",0.00,,Y,A,-,N,,,,,,,,,,Y,4,0,1,2,A,-,12,21453,A,F,D,C,A,A,H,-,A,A,0,,,,,Y,,A,01,0,0,1,0,0,0,0,0,0,"- ","- ",,,VENTURA,OXNARD,-119.17765808105469,34.173439025878906
8608212,2018,2018-04-30,5604,2018-01-05,0115,5527,,5,5,6,5604,0,0,0,,0,031,"5TH ST","OXNARD AV",0.00,,Y,A,-,N,,,,,,,,,,Y,4,0,2,2,A,-,12,21453,A,N,D,C,A,A,H,-,A,A,0,,,,,Y,,A,01,0,0,2,0,0,0,0,0,0,"- ","- ",34.197681427001953,-119.17738342285156,VENTURA,OXNARD,-119.17746734619141,34.197689056396484
8608216,2018,2018-04-30,5604,2018-01-03,2037,5378,3015,3,5,6,5604,0,0,0,,0,014,"TOWN CENTER DR","RIVERPARK BL",0.00,,Y,A,-,N,,,,,,,,,,Y,3,0,1,2,A,-,09,21801,,N,D,C,A,A,H,-,D,A,0,,,,,Y,,A,01,0,1,0,0,0,0,0,0,0,"- ","- ",34.238048553466797,-119.17548370361328,VENTURA,OXNARD,-119.175537109375,34.238059997558594
8608220,2018,2018-04-30,5604,2018-01-03,1750,4514,,3,5,6,5604,0,0,0,,0,042,"PLEASANT VALLEY RD","CLOYNE ST",0.00,,Y,A,-,N,,,,,,,,,,Y,4,0,2,2,A,-,09,21801,A,N,D,C,A,A,H,-,A,A,0,,,,,Y,,A,01,0,0,2,0,0,0,0,0,0,"- ","- ",34.154670715332031,-119.17298126220703,VENTURA,OXNARD,-119.17299652099609,34.154720306396484
8608224,2018,2018-04-30,5604,2018-01-03,0808,5208,,3,5,6,5604,0,0,0,,0,032,"CHANNEL ISLAND BL","STATHAM BL",0.00,,Y,A,-,N,,,,,,,,,,Y,4,0,2,2,A,-,09,21801,A,N,A,C,A,A,H,-,A,A,0,,,,,Y,,A,01,0,0,2,0,0,0,0,0,0,"- ","- ",,,VENTURA,OXNARD,-119.1656494140625,34.173431396484375
8608228,2018,2018-04-30,5604,2018-01-03,0743,5490,,3,5,6,5604,0,0,0,,0,024,"SAVIERS RD","LAUREL ST",0.00,,Y,A,-,N,,,,,,,,,,N,4,0,2,2,A,-,12,21453,A,N,D,C,A,A,H,-,A,A,0,,,,,Y,,A,01,0,0,2,0,0,0,0,0,0,"- ","- ",,,VENTURA,OXNARD,-119.17759704589844,34.177349090576172
8608236,2018,2018-04-30,5604,2018-01-02,1841,5473,,2,5,6,5604,0,0,0,,0,024,"VENTURA RD","HEMLOCK ST",0.00,,Y,A,-,N,,,,,,,,,,Y,4,0,4,2,A,-,21,22106,,N,D,C,A,A,H,-,A,A,0,,,,,Y,,A,01,0,0,4,0,0,0,0,0,0,"- ","- ",34.181110382080078,-119.1953125,VENTURA,OXNARD,-119.19528198242188,34.181121826171875
8608240,2018,2018-04-30,5604,2018-01-01,0214,5450,,1,5,6,5604,0,0,0,,0,042,"CUESTA DEL MAR DR","PERKINS RD",2640.00,E,N,A,-,N,,,,,,,,,,Y,4,0,1,2,A,-,01,23153,A,N,C,C,A,A,H,-,C,D,0,,,,,Y,Y,A,01,0,0,1,0,0,0,0,0,0,"- ","- ",34.148670196533203,-119.18312835693359,VENTURA,OXNARD,-119.17948150634766,34.148788452148438
8608257,2018,2018-04-30,5604,2018-01-15,1418,5521,,1,5,6,5604,0,0,0,,0,024,"CHANNEL ISLANDS AV","J ST",0.00,,Y,A,-,N,,,,,,,,,,Y,4,0,1,2,A,-,09,21801,A,N,A,C,A,A,H,-,A,A,0,,,,,Y,,A,08,0,0,1,0,0,0,0,0,0,"- ","- ",,,VENTURA,OXNARD,-119.18617248535156,34.175579071044922
8608261,2018,2018-04-30,5604,2018-01-16,0818,5135,,2,5,6,5604,0,0,0,,0,023,"OXNARD BL","7TH ST",125.00,S,N,A,-,N,,,1,,,,,,,N,4,0,1,3,A,-,03,22350,,F,C,C,A,A,H,-,A,A,0,,,,,Y,,A,08,0,0,1,0,0,0,0,0,0,"- ","- ",34.195018768310547,-119.17740631103516,VENTURA,OXNARD,-119.17737579345703,34.195018768310547
8608265,2018,2018-04-30,5604,2018-01-17,1240,5510,,3,5,6,5604,0,0,0,,0,021,"VICTORIA AV","WOOLEY RD",300.00,N,N,A,-,N,,,,,,,,,,Y,4,0,2,3,A,-,03,22350,,N,C,C,A,A,H,-,A,A,0,,,,,Y,,A,01,0,0,2,0,0,0,0,0,0,"- ","- ",,,VENTURA,OXNARD,-119.22133636474609,34.191211700439453
8608269,2018,2018-04-30,5604,2018-01-17,1320,5354,,3,5,6,5604,0,0,0,,0,022,"9TH ST","VENTURA RD",0.00,,Y,A,-,N,,,,,,,,,,Y,3,0,3,3,A,-,12,21453,A,N,D,C,A,A,H,-,A,A,0,,,,,Y,,A,01,0,1,2,0,0,0,0,0,0,"- ","- ",,,VENTURA,OXNARD,-119.195068359375,34.192390441894531
8608273,2018,2018-04-30,5604,2018-01-17,1514,5490,,3,5,6,5604,0,0,0,,0,014,"VINEYARD AV","ESPLANADE DR",392.00,S,N,A,-,N,,,,,,,,,,N,4,0,2,3,A,-,03,22350,,N,C,C,A,A,H,-,A,D,0,,,,,Y,,A,01,0,0,2,0,0,0,0,0,0,"- ","- ",,,VENTURA,OXNARD,-119.1754150390625,34.229156494140625
8608277,2018,2018-04-30,5604,2018-01-18,1624,5417,,4,5,6,5604,0,0,0,,0,041,"BARD RD","JUSTIN WY",0.00,,Y,A,-,N,,,,,,,,,,N,2,0,1,2,A,-,09,21802,A,N,D,G,A,A,H,-,A,A,0,,Y,,,Y,,L,04,1,0,0,0,0,0,1,0,0,"- ","- ",34.161170959472656,-119.17302703857422,VENTURA,OXNARD,-119.17313385009766,34.161209106445312
8608281,2018,2018-04-30,5604,2018-01-18,1649,5407,,4,5,6,5604,0,0,0,,0,041,"ORANGE GROVE AV","PEAR AV",300.00,E,N,A,-,N,,,,,,,,,,N,3,0,1,2,B,-,22,,,N,D,G,A,A,H,-,B,D,0,,Y,,,Y,,L,04,0,1,0,0,0,0,1,0,0,"- ","- ",34.167350769042969,-119.14845275878906,VENTURA,OXNARD,-119.14762878417969,34.165401458740234
8608285,2018,2018-04-30,5604,2018-01-18,2026,5360,,4,5,6,5604,0,0,0,,0,042,"BARD RD","C ST",0.00,,Y,A,-,N,,,,,,,,,,Y,4,0,3,2,A,-,12,22450,,N,D,C,A,A,H,-,C,A,0,,,,,Y,,A,07,0,0,3,0,0,0,0,0,0,"- ","- ",34.161258697509766,-119.18026733398438,VENTURA,OXNARD,-119.18052673339844,34.161041259765625
8608289,2018,2018-04-30,5604,2018-01-18,2125,5396,,4,5,6,5604,0,0,0,,0,024,"CHANNEL ISLANDS BL","M ST",0.00,,Y,A,-,N,,,,,,,,,,Y,4,0,1,2,A,-,09,21801,A,N,D,C,A,A,H,-,A,A,0,,,,,Y,,A,07,0,0,1,0,0,0,0,0,0,"- ","- ",34.175579071044922,-119.19126129150391,VENTURA,OXNARD,-119.19127655029297,34.175609588623047
8608293,2018,2018-04-30,5604,2018-01-20,2220,5472,,6,5,6,5604,0,0,0,,0,042,"PLEASANT VALLEY RD","J ST",50.00,E,N,A,-,N,,,,,,,,,,N,4,0,1,2,A,-,03,22350,,F,C,D,A,A,H,-,C,A,0,,,,,Y,,A,01,0,0,1,0,0,0,0,0,0,"- ","- ",34.154758453369141,-119.18611145019531,VENTURA,OXNARD,-119.18611145019531,34.154781341552734
8608297,2018,2018-04-30,5604,2018-01-21,1520,5412,,7,5,6,5604,0,0,0,,0,024,"HEMLOCK ST","ELSINORE AV",0.00,,Y,A,-,N,,,,,,,,,,Y,4,0,3,2,A,-,09,21802,A,N,A,C,A,A,H,-,A,D,0,,,,,Y,,A,01,0,0,3,0,0,0,0,0,0,"- ","- ",,,VENTURA,OXNARD,-119.20578002929688,34.181221008300781
8608301,2018,2018-04-30,5604,2018-01-20,2011,5471,,6,5,6,5604,0,0,0,,0,012,GONZALEZ,"ROSE AV",15.00,E,N,A,-,N,,,,,,,,,,N,4,0,1,2,A,-,03,22350,,N,C,C,A,A,H,-,C,A,0,,,,,Y,,A,01,0,0,1,0,0,0,0,0,0,"- ","- ",34.219398498535156,-119.15834045410156,VENTURA,OXNARD,-119.15837860107422,34.218990325927734
8608305,2018,2018-04-30,5604,2018-01-22,1124,5485,,1,5,6,5604,0,0,0,,0,031,"ROSE AV","EASTMAN AV",20.00,S,N,A,-,N,,,,,,,,,,N,4,0,1,2,A,-,03,22350,,M,C,C,A,A,H,-,D,A,0,,,,,Y,,A,01,0,0,1,0,0,0,0,0,0,"- ","- ",34.198291778564453,-119.15975952148438,VENTURA,OXNARD,-119.15988159179688,34.198246002197266
8608309,2018,2018-04-30,5604,2018-01-22,1750,5018,,1,5,6,5604,0,0,0,,0,023,"OXNARD BL","8TH ST",0.00,,Y,A,-,N,,,1,,,,,,,N,4,0,1,2,A,-,05,21650,,N,D,G,A,A,H,-,C,A,0,,Y,,,Y,,L,04,0,0,1,0,0,0,1,0,0,"- ","- ",34.193698883056641,-119.17742156982422,VENTURA,OXNARD,-119.17739105224609,34.193698883056641
8608313,2018,2018-04-30,5604,2018-01-23,1514,5317,,2,5,6,5604,0,0,0,,0,022,"OXNARD BL","2ND ST",0.00,,Y,A,-,N,,,1,,,,,,,N,4,0,1,2,A,-,12,21453,A,N,D,C,A,A,H,-,A,A,0,,,,,Y,,A,01,0,0,1,0,0,0,0,0,0,"- ","- ",34.201629638671875,-119.17732238769531,VENTURA,OXNARD,-119.17729949951172,34.201629638671875