CASE_ID,ACCIDENT_YEAR,PROC_DATE,JURIS,COLLISION_DATE,COLLISION_TIME,OFFICER_ID,REPORTING_DISTRICT,DAY_OF_WEEK,CHP_SHIFT,POPULATION,CNTY_CITY_LOC,SPECIAL_COND,BEAT_TYPE,CHP_BEAT_TYPE,CITY_DIVISION_LAPD,CHP_BEAT_CLASS,BEAT_NUMBER,PRIMARY_RD,SECONDARY_RD,DISTANCE,DIRECTION,INTERSECTION,WEATHER_1,WEATHER_2,STATE_HWY_IND,CALTRANS_COUNTY,CALTRANS_DISTRICT,STATE_ROUTE,ROUTE_SUFFIX,POSTMILE_PREFIX,POSTMILE,LOCATION_TYPE,RAMP_INTERSECTION,SIDE_OF_HWY,TOW_AWAY,COLLISION_SEVERITY,NUMBER_KILLED,NUMBER_INJURED,PARTY_COUNT,PRIMARY_COLL_FACTOR,PCF_CODE_OF_VIOL,PCF_VIOL_CATEGORY,PCF_VIOLATION,PCF_VIOL_SUBSECTION,HIT_AND_RUN,TYPE_OF_COLLISION,MVIW,PED_ACTION,ROAD_SURFACE,ROAD_COND_1,ROAD_COND_2,LIGHTING,CONTROL_DEVICE,CHP_ROAD_TYPE,PEDESTRIAN_ACCIDENT,BICYCLE_ACCIDENT,MOTORCYCLE_ACCIDENT,TRUCK_ACCIDENT,NOT_PRIVATE_PROPERTY,ALCOHOL_INVOLVED,STWD_VEHTYPE_AT_FAULT,CHP_VEHTYPE_AT_FAULT,COUNT_SEVERE_INJ,COUNT_VISIBLE_INJ,COUNT_COMPLAINT_PAIN,COUNT_PED_KILLED,COUNT_PED_INJURED,COUNT_BICYCLIST_KILLED,COUNT_BICYCLIST_INJURED,COUNT_MC_KILLED,COUNT_MC_INJURED,PRIMARY_RAMP,SECONDARY_RAMP,LATITUDE,LONGITUDE,COUNTY,CITY,POINT_X,POINT_Y
8608317,2018,2018-04-30,5604,2018-01-23,1547,5208,,2,5,6,5604,0,0,0,,0,031,"ROSE AV","CAMINO DE LA LUNA",100.00,S,N,A,-,N,,,,,,,,,,N,4,0,1,2,A,-,03,22350,,N,C,C,A,A,H,-,A,D,0,,,,,Y,,A,01,0,0,1,0,0,0,0,0,0,"- ","- ",,,VENTURA,OXNARD,-119.15972137451172,34.209735870361328
8610743,2018,2018-05-08,5604,2018-01-12,1730,4721,,5,5,6,5604,0,0,0,,0,022,"DORIS AV","VENTURA RD",0.00,,Y,A,-,N,,,,,,,,,,Y,3,0,1,4,A,-,12,21453,A,N,A,C,A,A,H,-,A,A,0,,,,,Y,,A,07,0,1,0,0,0,0,0,0,0,"- ","- ",34.208328247070312,-119.19467163085938,VENTURA,OXNARD,-119.19464111328125,34.208358764648438
8615779,2018,2018-06-20,5604,2018-01-20,1152,5407,,6,5,6,5604,0,0,0,,0,021,"W WOOLEY RD","KELP LN",450.00,W,N,A,G,N,,,,,,,,,,N,3,0,1,2,A,-,07,21658,A,N,A,G,A,A,H,-,A,D,0,,Y,,,Y,,L,04,0,1,0,0,0,0,1,0,0,"- ","- ",34.190280914306641,-119.21118927001953,VENTURA,OXNARD,-119.21270751953125,34.19036865234375
8615783,2018,2018-06-20,5604,2018-01-20,1827,5300,,6,5,6,5604,0,0,0,,0,032,"S OXNARD BL","WOOLEY RD",50.00,S,N,A,-,N,,,,,,,,,,Y,4,0,1,2,D,-,00,,,N,D,C,A,A,H,-,C,B,0,,,,,Y,,-,"- ",0,0,1,0,0,0,0,0,0,"- ","- ",34.188461303710938,-119.17658233642578,VENTURA,OXNARD,-119.17754364013672,34.190059661865234
8615787,2018,2018-06-29,5604,2018-01-27,1043,5485,,6,5,6,5604,0,0,0,,0,031,"RT 34","RICE AV",500.00,W,N,A,-,N,,,34,,,,,,,Y,3,0,1,1,A,-,07,21658,A,N,F,A,A,A,H,-,A,D,0,,,,,Y,,A,01,0,1,0,0,0,0,0,0,0,"- ","- ",34.196868896484375,-119.14228057861328,VENTURA,OXNARD,-119.14228057861328,34.196834564208984
8789785,2018,2019-02-07,5604,2018-01-08,1406,5549,,1,5,6,5604,0,0,0,,0,011,"VENTURA RD","IVYWOOD DR",0.00,,Y,A,-,N,,,,,,,,,,Y,4,0,2,2,A,-,03,22350,,N,C,C,A,A,H,-,A,A,0,,,,,Y,,A,07,0,0,2,0,0,0,0,0,0,"- ","- ",,,VENTURA,OXNARD,-119.19471740722656,34.216049194335938
8789789,2018,2019-02-07,5604,2018-01-07,1419,5549,,7,5,6,5604,0,0,0,,0,032,"CHANNEL ISLANDS BL","FOURNIER ST",0.00,,Y,A,-,N,,,,,,,,,,N,3,0,4,3,A,-,04,21703,,N,C,C,A,A,H,-,A,D,0,,,,,Y,,A,01,0,1,3,0,0,0,0,0,0,"- ","- ",,,VENTURA,OXNARD,-119.17015075683594,34.173381805419922
8814239,2018,2019-04-03,5604,2018-01-11,1840,5359,,4,5,6,5604,0,0,0,,0,011,"N OXNARD BL","1ST ST",125.00,N,N,A,-,N,,,,,,,,,,Y,4,0,5,3,A,-,03,22350,,N,C,C,A,A,H,-,C,A,0,,,,,Y,,A,01,0,0,5,0,0,0,0,0,0,"- ","- ",34.202949523925781,-119.17730712890625,VENTURA,OXNARD,-119.17739105224609,34.203304290771484
90635316,2018,2018-01-08,9765,2018-01-02,1134,015117,,2,1,9,5600,0,3,5,,2,005,"COLLINS STREET","ROSE AVENUE",528.00,W,N,A,-,N,,,,,,,,,,Y,4,0,3,2,A,-,21,22106,,N,D,C,A,A,H,-,A,D,0,,,,,Y,,A,01,0,0,3,0,0,0,0,0,0,"- ","- ",34.233211517333984,-119.16005706787109,VENTURA,UNINCORPORATED,-119.15793609619141,34.231719970703125
90635482,2018,2018-01-08,9765,2018-01-01,0310,019277,,1,3,9,5600,0,1,2,,1,101,"US-101 S/B (VENTURA FREEWAY)","BATES ROAD",3168.00,S,N,A,-,Y,,,101,,,,,,S,N,4,0,1,2,A,-,07,21658,A,N,B,C,A,A,H,-,D,D,0,,,,,Y,,A,08,0,0,1,0,0,0,0,0,0,"- ","- ",34.367118835449219,-119.45195007324219,VENTURA,UNINCORPORATED,-119.4521484375,34.366958618164062
90635577,2018,2018-01-08,9765,2018-01-02,1825,017253,,2,2,9,5600,0,1,3,,1,023,"SR-150 (OJAI RD)","JOHNSON ROAD",1320.00,W,N,A,-,Y,,,150,,,,,,,Y,3,0,1,1,A,-,08,22107,,N,F,A,A,A,H,-,D,D,0,,,,,Y,,A,01,0,1,0,0,0,0,0,0,0,"- ","- ",34.428638458251953,-119.11903381347656,VENTURA,UNINCORPORATED,-119.1190185546875,34.428707122802734
90635789,2018,2018-01-09,9765,2018-01-02,0744,020497,,2,1,9,5600,0,1,3,,1,023,"SR-150 (OJAI-SANTA PAULA RD)","HAPPY VALLEY SCHOOL RD",1650.00,E,N,A,-,Y,,,150,,,,,,,Y,2,0,2,2,A,-,03,22350,,N,A,C,A,A,H,-,A,D,0,,,,,Y,,A,01,1,0,1,0,0,0,0,0,0,"- ","- ",34.435588836669922,-119.18250274658203,VENTURA,UNINCORPORATED,-119.18245697021484,34.4356689453125
90635920,2018,2018-01-09,9770,2018-01-01,0100,021909,,1,3,6,5607,0,1,2,,2,072,"US-101 N/B TO LYNN ROAD","LYNN ROAD",100.00,S,N,A,-,Y,,,101,,,,R,,N,Y,3,0,1,1,A,-,01,23152,A,N,E,I,A,A,H,-,C,D,0,,,,,Y,Y,A,01,0,1,0,0,0,0,0,0,0,"- ","- ",34.184169769287109,-118.89150238037109,VENTURA,"THOUSAND OAKS",-118.89150238037109,34.184169769287109
90636097,2018,2018-01-09,9765,2018-01-03,1830,020001,,3,2,9,5600,0,1,2,,2,502,"US-101 NORTHBOUND","DEL NORTE BLVD.",1200.00,S,N,A,-,Y,,,101,,,,,,N,Y,4,0,1,2,A,-,03,22350,,N,C,C,A,A,H,-,D,D,0,,,,,Y,,A,01,0,0,1,0,0,0,0,0,0,"- ","- ",34.222049713134766,-119.11744689941406,VENTURA,UNINCORPORATED,-119.11744689941406,34.222156524658203
90636107,2018,2018-01-09,9765,2018-01-03,0215,019884,,3,3,6,5608,0,1,3,,1,031,"SR-126 W/B","HILL ROAD POC",1056.00,E,N,A,-,Y,,,126,,,,,,W,Y,3,0,1,1,A,-,08,22107,,N,F,A,A,A,H,-,D,D,0,,,,,Y,,D,22,0,1,0,0,0,0,0,0,0,"- ","- ",34.273239135742188,-119.20188140869141,VENTURA,VENTURA,-119.20187377929688,34.273212432861328
90636263,2018,2018-01-09,9765,2018-01-08,0710,016234,,1,1,6,5604,0,1,2,,2,502,"US-101 N/B","ROSE AVENUE",100.00,S,N,B,C,Y,,,101,,,,,,N,Y,3,0,3,3,A,-,03,22350,,N,D,C,A,B,H,-,A,D,0,,,,,Y,,A,07,0,3,0,0,0,0,0,0,0,"- ","- ",34.224960327148438,-119.15830993652344,VENTURA,OXNARD,-119.15827941894531,34.225067138671875
90636424,2018,2018-01-09,9765,2018-01-03,0759,013206,,3,1,9,5600,0,1,3,,2,041,"SR-126 W/B","SR-118  (WELLS ROAD)",3000.00,E,N,B,-,Y,,,126,,,,,,W,Y,2,0,1,1,A,-,08,22107,,N,E,I,A,A,H,-,A,D,0,,,,,Y,,A,07,1,0,0,0,0,0,0,0,0,"- ","- ",34.294601440429688,-119.14830017089844,VENTURA,UNINCORPORATED,-119.14825439453125,34.294525146484375
90636823,2018,2018-01-10,9765,2018-01-05,1705,017253,,5,2,9,5600,0,1,2,,2,103,"US-101 S/B","W. MAIN STREET",938.00,N,N,B,-,Y,,,101,,,,,,S,Y,3,0,1,4,A,-,03,22350,,N,C,C,A,A,H,-,B,D,0,,,,,Y,,A,01,0,1,0,0,0,0,0,0,0,"- ","- ",34.282241821289062,-119.31649780273438,VENTURA,UNINCORPORATED,-119.31645202636719,34.2823486328125
90637167,2018,2018-01-10,9765,2018-01-05,0320,019884,,5,3,4,5606,0,1,3,,2,040,"SR-126 E/B","TODD ROAD",1880.00,E,N,A,-,Y,,,,,,,,,,Y,3,0,1,2,A,-,01,23152,A,N,C,C,A,A,H,-,D,D,0,,,,Y,Y,Y,A,01,0,1,0,0,0,0,0,0,0,"- ","- ",34.316448211669922,-119.11090087890625,VENTURA,"SANTA PAULA",-119.11143493652344,34.316215515136719
90637749,2018,2018-01-11,9765,2018-01-08,0520,016198,,1,3,6,5608,0,3,5,,2,003,"VICTORIA AVENUE","GUM TREE STREET",3696.00,N,N,C,-,N,,,,,,,,,,Y,4,0,1,1,A,-,03,22350,,N,E,I,A,B,H,-,D,D,0,,,,,Y,,A,01,0,0,1,0,0,0,0,0,0,"- ","- ",34.233928680419922,-119.2164306640625,VENTURA,VENTURA,-119.21650695800781,34.233554840087891
90637762,2018,2018-01-11,9765,2018-01-08,1545,016592,,1,2,9,5600,0,1,3,,2,053,"SR-232  (VINEYARD AVENUE)","MONTGOMERY AVENUE",0.00,,Y,C,-,Y,,,232,,,,,,,N,3,0,2,2,A,-,09,21802,A,N,D,C,A,B,H,-,A,A,0,,,,,Y,,D,22,0,1,1,0,0,0,0,0,0,"- ","- ",34.250308990478516,-119.15940856933594,VENTURA,UNINCORPORATED,-119.15933990478516,34.250255584716797
90637816,2018,2018-01-11,9765,2018-01-09,1502,016592,,2,2,6,5608,0,1,3,,2,030,"SR-126 E/B","VICTORIA AVENUE",1584.00,W,N,A,-,Y,,,126,,,,,,E,Y,4,0,1,3,A,-,03,22350,,N,C,C,A,A,H,-,A,D,0,,,,,Y,,A,01,0,0,1,0,0,0,0,0,0,"- ","- ",34.269889831542969,-119.22354888916016,VENTURA,VENTURA,-119.22355651855469,34.269931793212891
90637869,2018,2018-01-11,9770,2018-01-09,1305,017409,,2,1,6,5607,0,1,2,,2,072,"US-101 N/B (VENTURA FREEWAY)","LYNN ROAD",640.00,N,N,B,C,Y,,,101,,,,,,N,Y,4,0,1,1,A,-,08,22107,,N,E,I,A,B,H,-,A,D,0,,,,,Y,,A,01,0,0,1,0,0,0,0,0,0,"- ","- ",34.184169769287109,-118.89308166503906,VENTURA,"THOUSAND OAKS",-118.89305114746094,34.184253692626953
90637928,2018,2018-01-11,9765,2018-01-09,1250,015117,,2,1,9,5600,0,1,3,,1,062,"SR-1 (PACIFIC COAST HIGHWAY)","LA JOLLA CYN",1000.00,N,N,B,C,Y,,,1,,,,,,,N,4,0,1,3,A,-,03,22350,,N,C,C,A,B,C,-,A,D,0,,,,,Y,,A,08,0,0,1,0,0,0,0,0,0,"- ","- ",34.082378387451172,-119.03327941894531,VENTURA,UNINCORPORATED,-119.03329467773438,34.082351684570312
90637948,2018,2018-01-11,9765,2018-01-09,0835,015117,,2,1,5,5601,0,1,2,,2,504,"US-101 N/B (VENTURA FREEWAY)","CARMEN DRIVE",750.00,N,N,B,-,Y,,,101,,,,,,N,Y,4,0,1,2,A,-,08,22107,,N,D,C,A,B,H,-,A,D,0,,,,,Y,,A,01,0,0,1,0,0,0,0,0,0,"- ","- ",34.218059539794922,-119.05500030517578,VENTURA,CAMARILLO,-119.05500030517578,34.218093872070312
90638498,2018,2018-01-11,9765,2018-01-09,1119,016198,,2,1,6,5608,0,1,2,,2,302,"US-101 N/B","TELEPHONE ROAD",1056.00,S,N,C,-,Y,,,101,,,,,,N,N,4,0,2,2,A,-,03,22350,,N,C,C,A,B,E,-,A,A,0,,,,,Y,,A,08,0,0,2,0,0,0,0,0,0,"- ","- ",34.260791778564453,-119.22740173339844,VENTURA,VENTURA,-119.2274169921875,34.260746002197266
90639637,2018,2018-01-15,9770,2018-01-04,1935,019930,,4,2,9,5600,0,1,3,,1,043,"SR-126 E/B (EAST TELEGRAPH ROAD)","HOPPER CANYON ROAD",1000.00,E,N,B,-,Y,,,126,,,,,,E,Y,3,0,2,2,A,-,09,21802,A,N,D,C,A,A,H,-,C,A,0,,,,,Y,,A,01,0,1,1,0,0,0,0,0,0,"- ","- ",34.400848388671875,-118.82205200195312,VENTURA,UNINCORPORATED,-118.82205200195312,34.400737762451172
90639699,2018,2018-01-15,9765,2018-01-05,0120,020850,,5,3,6,5608,0,1,2,,1,104,"US-101 N/B","SEAWARD AVENUE",1056.00,N,N,A,-,Y,,,101,,,,,,N,Y,3,0,1,1,A,-,08,22107,,N,E,I,A,A,H,-,C,D,0,,,,,Y,,A,01,0,1,0,0,0,0,0,0,0,"- ","- ",34.269100189208984,-119.27187347412109,VENTURA,VENTURA,-119.27202606201172,34.268978118896484
90639746,2018,2018-01-15,9765,2018-01-06,1555,020001,,6,2,9,5600,0,1,3,,1,062,"SR-1 (PACIFIC COAST HIGHWAY)","LAS POSAS ROAD",2460.00,S,N,A,-,Y,,,1,,,,,,,Y,4,0,1,1,A,-,08,22107,,N,F,A,A,A,H,-,A,D,0,,,Y,,Y,,C,02,0,0,1,0,0,0,0,0,1,"- ","- ",34.110759735107422,-119.08067321777344,VENTURA,UNINCORPORATED,-119.08069610595703,34.110740661621094
90639782,2018,2018-01-15,9770,2018-01-07,1223,021738,,7,1,9,5600,0,3,5,,2,004,"FISH HATCHERY ROAD","SR-126 E/B (EAST TELEGRAPH ROAD)",37.00,S,N,A,-,Y,,,,,,,,,,Y,3,0,2,1,A,-,08,22107,,N,F,I,A,A,H,-,A,D,0,,,,,Y,,A,01,0,2,0,0,0,0,0,0,0,"- ","- ",34.395088195800781,-118.88524627685547,VENTURA,UNINCORPORATED,,
90639790,2018,2018-01-15,9765,2018-01-06,1234,018019,,6,1,5,5601,0,1,2,,2,503,"US-101 S/B (VENTURA FREEWAY)","LAS POSAS ROAD",405.00,S,N,B,-,Y,,,101,,,,,,S,Y,4,0,3,2,A,-,08,22107,,N,D,C,A,A,H,-,A,D,0,,,,,Y,,D,22,0,0,3,0,0,0,0,0,0,"- ","- ",34.218849182128906,-119.06815338134766,VENTURA,CAMARILLO,-119.06814575195312,34.218883514404297
90639792,2018,2018-01-15,9770,2018-01-07,1955,020917,,7,2,9,5600,0,2,4,,1,062,"POTRERO ROAD","TRENTWOOD DRIVE",600.00,W,N,B,-,N,,,,,,,,,,Y,3,0,1,1,A,-,01,23152,A,M,E,I,A,A,H,-,D,D,0,,,Y,,Y,Y,C,03,0,1,0,0,0,0,0,0,1,"- ","- ",34.141010284423828,-118.88632202148438,VENTURA,UNINCORPORATED,-118.88640594482422,34.141025543212891
90639817,2018,2018-01-15,9765,2018-01-06,1415,020187,,6,2,9,5600,0,3,5,,2,006,"DEER CREEK ROAD",SR-1,5280.00,N,N,A,-,N,,,,,,,,,,Y,2,0,1,1,A,-,08,22107,,N,E,I,A,A,H,-,A,D,0,,,,,Y,,A,01,1,0,0,0,0,0,0,0,0,"- ","- ",34.068809509277344,-118.99183654785156,VENTURA,UNINCORPORATED,-118.99307250976562,34.069225311279297
90640100,2018,2018-01-16,9770,2018-01-10,0220,020721,,3,3,6,5607,0,1,2,,2,073,"US-101 S/B (VENTURA FREEWAY)","WENDY DRIVE",6336.00,N,N,A,-,Y,,,101,,,,,,S,Y,3,0,1,1,A,-,01,23152,A,M,E,I,A,A,H,-,D,D,0,,,,,Y,Y,D,22,0,1,0,0,0,0,0,0,0,"- ","- ",34.199581146240234,-118.95713806152344,VENTURA,"THOUSAND OAKS",-118.95708465576172,34.199687957763672
90640400,2018,2018-01-16,9765,2018-01-09,1555,017395,,2,2,6,5604,0,1,2,,2,502,"US-101 N/B","SR-232 (VINEYARD AVENUE)",528.00,S,N,B,-,Y,,,,,,,,,,Y,4,0,1,3,A,-,03,22350,,N,C,C,A,B,H,-,A,D,0,,,,,Y,,A,01,0,0,1,0,0,0,0,0,0,"- ","- ",34.222751617431641,-119.16802215576172,VENTURA,OXNARD,,
90640702,2018,2018-01-16,9770,2018-01-11,0820,017409,,4,1,6,5607,0,1,2,,2,073,"US-101 S/B (VENTURA FREEWAY)","LYNN ROAD",2250.00,N,N,A,-,Y,,,101,,,,,,S,N,4,0,1,2,A,-,07,21658,A,N,C,C,A,A,H,-,A,D,0,,,Y,,Y,,D,22,0,0,1,0,0,0,0,0,1,"- ","- ",34.184528350830078,-118.89884948730469,VENTURA,"THOUSAND OAKS",-118.89884948730469,34.184494018554688
90641106,2018,2018-01-16,9765,2018-01-11,0654,014823,,4,1,9,5600,0,3,5,,2,005,"SANTA CLARA AVENUE","FRIEDRICH ROAD",1584.00,N,N,A,-,N,,,,,,,,,,N,3,0,1,2,A,-,08,22107,,N,G,B,E,A,H,-,A,D,0,Y,,,,Y,,D,22,0,1,0,0,1,0,0,0,0,"- ","- ",34.2335205078125,-119.13143157958984,VENTURA,UNINCORPORATED,-119.13117218017578,34.233722686767578
90641309,2018,2018-01-17,9765,2018-01-16,0820,016420,,2,1,6,5608,0,1,2,,2,302,"US-101 N/B","TELEPHONE ROAD",245.00,N,N,A,-,Y,,,101,,,,,,N,N,4,0,1,3,A,-,03,22350,,N,C,C,A,A,H,-,A,D,0,,,,,Y,,A,01,0,0,1,0,0,0,0,0,0,"- ","- ",34.262798309326172,-119.231689453125,VENTURA,VENTURA,-119.23169708251953,34.262779235839844
90641377,2018,2018-01-17,9765,2018-01-09,0440,019721,,2,3,9,5600,0,1,2,,2,501,"US-101 S/B","DAWSON DRIVE",500.00,S,N,C,-,Y,,,,,,,,,,Y,2,0,2,2,A,-,03,22350,,N,D,C,A,B,H,-,C,D,0,,,,,Y,,A,01,1,1,0,0,0,0,0,0,0,"- ","- ",34.216548919677734,-119.03327178955078,VENTURA,UNINCORPORATED,,
90641492,2018,2018-01-17,9770,2018-01-16,1735,019276,,2,2,6,5609,0,1,3,,2,083,"SR-118 E/B (RONALD REAGAN FREEWAY)","ROCKY PEAK ROAD",150.00,W,N,A,-,Y,,,118,,,,,,E,Y,4,0,1,2,A,-,03,22350,,N,C,C,A,A,H,-,D,D,0,,,,,Y,,D,22,0,0,1,0,0,0,0,0,0,"- ","- ",34.268070220947266,-118.63514709472656,VENTURA,"SIMI VALLEY",-118.63520812988281,34.268138885498047
90641508,2018,2018-01-17,9765,2018-01-09,1835,016420,,2,2,6,5608,0,1,3,,2,030,"SR-126 E/B","VICTORIA AVENUE",3168.00,W,N,B,-,Y,,,126,,,,,,E,Y,3,0,2,3,A,-,03,22350,,F,C,C,A,B,H,-,D,D,0,,,,,Y,,D,22,0,1,1,0,0,0,0,0,0,"- ","- ",34.269599914550781,-119.22540283203125,VENTURA,VENTURA,-119.22541046142578,34.2696533203125
90641636,2018,2018-01-17,9765,2018-01-12,0825,013206,,5,1,9,5600,0,1,3,,2,041,"SR-126 W/B","EDWARDS RANCH ROAD",200.00,W,N,A,-,Y,,,126,,,,,,W,Y,4,0,1,2,A,-,03,22350,,N,C,C,A,A,H,-,A,D,0,,,,,Y,,D,22,0,0,1,0,0,0,0,0,0,"- ","- ",34.304950714111328,-119.13069152832031,VENTURA,UNINCORPORATED,-119.13071441650391,34.30499267578125
90641689,2018,2018-01-17,9765,2018-01-16,1010,017395,,2,1,9,5600,0,1,3,,1,020,SR-33,"SANTA ANA BLVD.",1056.00,N,N,A,-,Y,,,33,,,,,,,Y,4,0,2,2,A,-,08,22107,,N,D,C,A,A,H,-,A,D,0,,,,,Y,,A,01,0,0,2,0,0,0,0,0,0,"- ","- ",34.405971527099609,-119.29924774169922,VENTURA,UNINCORPORATED,-119.29920959472656,34.405948638916016
90641894,2018,2018-01-17,9765,2018-01-13,1236,018019,,6,1,9,5600,0,3,5,,2,006,"POTRERO ROAD","VIA ACOSTA",2388.00,W,N,A,-,N,,,,,,,,,,N,2,0,1,1,C,-,18,,,N,F,A,A,A,H,-,A,D,0,,Y,,,Y,,-,"- ",1,0,0,0,0,0,1,0,0,"- ","- ",34.159069061279297,-118.99532318115234,VENTURA,UNINCORPORATED,-118.99552154541016,34.158412933349609
90642151,2018,2018-01-17,9765,2018-01-09,1620,016592,,2,2,9,5600,0,1,3,,1,055,SR-118,"WALNUT AVENUE",2112.00,E,N,A,-,Y,,,118,,,,,,,Y,4,0,2,2,A,-,08,22107,,N,A,C,A,B,H,-,A,D,0,,,,,Y,,A,01,0,0,2,0,0,0,0,0,0,"- ","- ",34.263710021972656,-119.06971740722656,VENTURA,UNINCORPORATED,-119.06971740722656,34.263694763183594
90642272,2018,2018-01-18,9770,2018-01-09,1250,017732,,2,1,4,5690,0,1,3,,2,085,"SR-23 S/B FROM SR-118 (LOS ANGELES AVE)","SR-118 (LOS ANGELES AVENUE)",210.00,S,N,B,C,Y,,,23,,,,R,,S,Y,3,0,1,1,A,-,03,22350,,N,E,I,A,B,H,-,A,D,0,,,,,Y,,A,07,0,1,0,0,0,0,0,0,0,"- ","- ",34.281379699707031,-118.86331939697266,VENTURA,MOORPARK,-118.86331939697266,34.281379699707031
90642291,2018,2018-01-18,9765,2018-01-13,1119,020497,,6,1,9,5600,0,1,3,,1,012,"SR-1 (OLD PACIFIC COAST HIGHWAY)","HOBSON BEACH PARK",4752.00,S,N,A,-,Y,,,1,,,,,,,N,3,0,1,2,A,-,08,22107,,N,H,G,A,A,H,-,A,D,0,,Y,,,Y,,L,04,0,1,0,0,0,0,1,0,0,"- ","- ",34.328338623046875,-119.39820861816406,VENTURA,UNINCORPORATED,-119.39817047119141,34.328372955322266
90642517,2018,2018-01-18,9765,2018-01-13,0950,021682,,6,1,9,5600,0,3,5,,2,005,"SANTA CLARA AVENUE","FRIEDRICH ROAD",2089.00,N,N,A,-,N,,,,,,,,,,Y,4,0,1,1,A,-,01,23152,A,N,E,I,A,A,H,-,D,D,0,,,,,Y,Y,A,01,0,0,1,0,0,0,0,0,0,"- ","- ",34.140098571777344,-119.07520294189453,VENTURA,UNINCORPORATED,-119.13011169433594,34.234790802001953
90643163,2018,2018-01-18,9765,2018-01-13,0225,020762,,6,3,9,5600,0,1,3,,1,055,SR-118,"BRADLEY ROAD",0.00,,N,A,-,Y,,,118,,,,,,,Y,2,0,3,2,A,-,01,23152,A,N,A,C,A,A,H,-,C,D,0,,,,,Y,Y,D,22,1,2,0,0,0,0,0,0,0,"- ","- ",34.263771057128906,-119.0111083984375,VENTURA,UNINCORPORATED,-119.0111083984375,34.263763427734375